variable,coef,std_err,t,p_value,ci_low,ci_high
const                   ,0.1085,0.017,6.324,0.0,0.075,0.142
date_2007-01-28 00:00:00,-0.0866,0.024,-3.652,0.0,-0.133,-0.04
date_2007-02-04 00:00:00,0.0113,0.024,0.468,0.64,-0.036,0.059
date_2007-02-11 00:00:00,0.0053,0.024,0.218,0.828,-0.042,0.053
date_2007-02-18 00:00:00,0.1545,0.024,6.468,0.0,0.108,0.201
date_2007-02-25 00:00:00,-0.5432,0.024,-22.851,0.0,-0.59,-0.497
date_2007-03-04 00:00:00,-0.007,0.024,-0.289,0.773,-0.054,0.04
date_2007-03-11 00:00:00,-0.1332,0.024,-5.534,0.0,-0.18,-0.086
date_2007-03-18 00:00:00,-0.4255,0.024,-17.802,0.0,-0.472,-0.379
date_2007-03-25 00:00:00,0.1484,0.024,6.07,0.0,0.1,0.196
date_2007-04-01 00:00:00,-0.0316,0.024,-1.3,0.194,-0.079,0.016
date_2007-04-08 00:00:00,-0.2757,0.024,-11.496,0.0,-0.323,-0.229
date_2007-04-15 00:00:00,0.036,0.024,1.503,0.133,-0.011,0.083
date_2007-04-22 00:00:00,-0.2529,0.024,-10.579,0.0,-0.3,-0.206
date_2007-04-29 00:00:00,-0.3108,0.024,-13.019,0.0,-0.358,-0.264
date_2007-05-06 00:00:00,-0.1579,0.024,-6.652,0.0,-0.204,-0.111
date_2007-05-13 00:00:00,-0.1571,0.024,-6.637,0.0,-0.204,-0.111
date_2007-05-20 00:00:00,-0.0321,0.024,-1.354,0.176,-0.079,0.014
date_2007-05-27 00:00:00,-0.0262,0.024,-1.107,0.268,-0.073,0.02
date_2007-06-03 00:00:00,-0.0985,0.024,-4.13,0.0,-0.145,-0.052
date_2007-06-10 00:00:00,-0.128,0.024,-5.276,0.0,-0.176,-0.08
date_2007-06-17 00:00:00,-0.1388,0.024,-5.747,0.0,-0.186,-0.091
date_2007-06-24 00:00:00,-0.0124,0.024,-0.507,0.612,-0.06,0.036
date_2007-07-01 00:00:00,0.0956,0.024,4.049,0.0,0.049,0.142
date_2007-07-08 00:00:00,0.1024,0.024,4.313,0.0,0.056,0.149
date_2007-07-15 00:00:00,-0.3677,0.024,-15.594,0.0,-0.414,-0.321
date_2007-07-22 00:00:00,-0.4574,0.024,-19.241,0.0,-0.504,-0.411
date_2007-07-29 00:00:00,0.0227,0.024,0.94,0.347,-0.025,0.07
date_2007-08-05 00:00:00,-0.1969,0.024,-8.296,0.0,-0.243,-0.15
date_2007-08-12 00:00:00,-0.3365,0.024,-14.223,0.0,-0.383,-0.29
date_2007-08-19 00:00:00,0.0697,0.024,2.941,0.003,0.023,0.116
date_2007-08-26 00:00:00,-0.0805,0.024,-3.376,0.001,-0.127,-0.034
date_2007-09-02 00:00:00,0.0377,0.024,1.599,0.11,-0.009,0.084
date_2007-09-09 00:00:00,0.0878,0.024,3.706,0.0,0.041,0.134
date_2007-09-16 00:00:00,-0.0958,0.024,-4.036,0.0,-0.142,-0.049
date_2007-09-23 00:00:00,-0.1033,0.024,-4.369,0.0,-0.15,-0.057
date_2007-09-30 00:00:00,0.0795,0.024,3.311,0.001,0.032,0.126
date_2007-10-07 00:00:00,-0.0109,0.024,-0.458,0.647,-0.058,0.036
date_2007-10-14 00:00:00,-0.4025,0.024,-16.825,0.0,-0.449,-0.356
date_2007-10-21 00:00:00,-0.2014,0.024,-8.237,0.0,-0.249,-0.153
date_2007-10-28 00:00:00,-0.1166,0.024,-4.947,0.0,-0.163,-0.07
date_2007-11-04 00:00:00,-0.1922,0.024,-8.113,0.0,-0.239,-0.146
date_2007-11-11 00:00:00,-0.101,0.024,-4.247,0.0,-0.148,-0.054
date_2007-11-18 00:00:00,-0.0248,0.024,-1.049,0.294,-0.071,0.022
date_2007-11-25 00:00:00,0.0991,0.024,4.198,0.0,0.053,0.145
date_2007-12-02 00:00:00,0.1555,0.024,6.59,0.0,0.109,0.202
date_2007-12-09 00:00:00,-0.0655,0.024,-2.75,0.006,-0.112,-0.019
date_2007-12-16 00:00:00,-0.3949,0.024,-16.727,0.0,-0.441,-0.349
date_2007-12-23 00:00:00,0.2078,0.024,8.83,0.0,0.162,0.254
date_2007-12-30 00:00:00,-0.0385,0.024,-1.634,0.102,-0.085,0.008
date_2008-01-06 00:00:00,-0.0436,0.024,-1.807,0.071,-0.091,0.004
date_2008-01-13 00:00:00,0.0177,0.024,0.745,0.456,-0.029,0.064
date_2008-01-20 00:00:00,-0.1689,0.024,-7.019,0.0,-0.216,-0.122
date_2008-01-27 00:00:00,-0.6538,0.024,-27.663,0.0,-0.7,-0.607
date_2008-02-03 00:00:00,0.0245,0.024,1.034,0.301,-0.022,0.071
date_2008-02-10 00:00:00,0.0593,0.024,2.494,0.013,0.013,0.106
date_2008-02-17 00:00:00,-0.0875,0.024,-3.714,0.0,-0.134,-0.041
date_2008-02-24 00:00:00,0.0494,0.024,2.098,0.036,0.003,0.096
date_2008-03-02 00:00:00,0.0859,0.024,3.638,0.0,0.04,0.132
date_2008-03-09 00:00:00,-0.1289,0.024,-5.428,0.0,-0.175,-0.082
date_2008-03-16 00:00:00,-0.0713,0.024,-3.0,0.003,-0.118,-0.025
date_2008-03-23 00:00:00,-0.0245,0.024,-1.033,0.302,-0.071,0.022
date_2008-03-30 00:00:00,0.2414,0.024,10.226,0.0,0.195,0.288
date_2008-04-06 00:00:00,-0.2219,0.024,-9.193,0.0,-0.269,-0.175
date_2008-04-13 00:00:00,-0.1219,0.024,-5.166,0.0,-0.168,-0.076
date_2008-04-20 00:00:00,-0.3817,0.024,-16.094,0.0,-0.428,-0.335
date_2008-04-27 00:00:00,-0.3595,0.024,-15.177,0.0,-0.406,-0.313
date_2008-05-04 00:00:00,0.5167,0.024,21.746,0.0,0.47,0.563
date_2008-05-11 00:00:00,-0.633,0.024,-26.86,0.0,-0.679,-0.587
date_2008-05-18 00:00:00,0.389,0.024,16.343,0.0,0.342,0.436
date_2008-05-25 00:00:00,-0.2,0.024,-8.455,0.0,-0.246,-0.154
date_2008-06-01 00:00:00,-0.3041,0.024,-12.801,0.0,-0.351,-0.258
date_2008-06-08 00:00:00,0.0405,0.024,1.716,0.086,-0.006,0.087
date_2008-06-15 00:00:00,0.3065,0.023,13.049,0.0,0.26,0.353
date_2008-06-22 00:00:00,-0.2362,0.024,-9.96,0.0,-0.283,-0.19
date_2008-06-29 00:00:00,-0.0261,0.024,-1.108,0.268,-0.072,0.02
date_2008-07-06 00:00:00,-0.3221,0.024,-13.603,0.0,-0.368,-0.276
date_2008-07-13 00:00:00,-0.1088,0.024,-4.609,0.0,-0.155,-0.063
date_2008-07-20 00:00:00,-0.3684,0.024,-15.614,0.0,-0.415,-0.322
date_2008-07-27 00:00:00,-0.2657,0.023,-11.321,0.0,-0.312,-0.22
date_2008-08-03 00:00:00,-0.2358,0.024,-10.031,0.0,-0.282,-0.19
date_2008-08-10 00:00:00,-0.3184,0.023,-13.563,0.0,-0.364,-0.272
date_2008-08-17 00:00:00,0.1576,0.023,6.712,0.0,0.112,0.204
date_2008-08-24 00:00:00,0.0642,0.023,2.733,0.006,0.018,0.11
date_2008-08-31 00:00:00,-0.5414,0.023,-23.076,0.0,-0.587,-0.495
date_2008-09-07 00:00:00,-0.2468,0.023,-10.507,0.0,-0.293,-0.201
date_2008-09-14 00:00:00,-0.2147,0.023,-9.152,0.0,-0.261,-0.169
date_2008-09-21 00:00:00,0.0257,0.024,1.093,0.275,-0.02,0.072
date_2008-09-28 00:00:00,-0.5424,0.024,-22.938,0.0,-0.589,-0.496
date_2008-10-05 00:00:00,-0.2541,0.024,-10.675,0.0,-0.301,-0.207
date_2008-10-12 00:00:00,0.099,0.024,4.153,0.0,0.052,0.146
date_2008-10-19 00:00:00,0.1609,0.024,6.835,0.0,0.115,0.207
date_2008-10-26 00:00:00,-0.1528,0.024,-6.386,0.0,-0.2,-0.106
date_2008-11-02 00:00:00,0.2024,0.024,8.516,0.0,0.156,0.249
date_2008-11-09 00:00:00,-0.2575,0.024,-10.787,0.0,-0.304,-0.211
date_2008-11-16 00:00:00,-0.3511,0.024,-14.612,0.0,-0.398,-0.304
date_2008-11-23 00:00:00,-0.3516,0.025,-13.858,0.0,-0.401,-0.302
date_2008-11-30 00:00:00,-0.1025,0.025,-4.151,0.0,-0.151,-0.054
date_2008-12-07 00:00:00,-0.0454,0.024,-1.879,0.06,-0.093,0.002
date_2008-12-14 00:00:00,0.3389,0.024,14.133,0.0,0.292,0.386
date_2008-12-21 00:00:00,-0.1047,0.024,-4.361,0.0,-0.152,-0.058
date_2008-12-28 00:00:00,-0.1683,0.024,-7.05,0.0,-0.215,-0.122
date_2009-01-04 00:00:00,-0.4985,0.024,-20.532,0.0,-0.546,-0.451
date_2009-01-11 00:00:00,-0.206,0.024,-8.536,0.0,-0.253,-0.159
date_2009-01-18 00:00:00,0.0879,0.024,3.681,0.0,0.041,0.135
date_2009-01-25 00:00:00,-0.1204,0.024,-5.035,0.0,-0.167,-0.074
date_2009-02-01 00:00:00,-0.1935,0.024,-8.109,0.0,-0.24,-0.147
date_2009-02-08 00:00:00,-0.1328,0.024,-5.538,0.0,-0.18,-0.086
date_2009-02-15 00:00:00,-0.1745,0.024,-7.301,0.0,-0.221,-0.128
date_2009-02-22 00:00:00,-0.3098,0.024,-13.078,0.0,-0.356,-0.263
date_2009-03-01 00:00:00,-0.0281,0.024,-1.193,0.233,-0.074,0.018
date_2009-03-08 00:00:00,-0.4614,0.024,-19.534,0.0,-0.508,-0.415
date_2009-03-15 00:00:00,0.0335,0.024,1.394,0.163,-0.014,0.081
date_2009-03-22 00:00:00,0.0148,0.024,0.626,0.531,-0.031,0.061
date_2009-03-29 00:00:00,-0.1363,0.024,-5.704,0.0,-0.183,-0.089
date_2009-04-05 00:00:00,0.0727,0.024,3.065,0.002,0.026,0.119
date_2009-04-12 00:00:00,-0.2296,0.024,-9.662,0.0,-0.276,-0.183
date_2009-04-19 00:00:00,-0.2502,0.024,-10.525,0.0,-0.297,-0.204
date_2009-04-26 00:00:00,0.1541,0.024,6.486,0.0,0.108,0.201
date_2009-05-03 00:00:00,-0.0374,0.024,-1.574,0.116,-0.084,0.009
date_2009-05-10 00:00:00,0.0089,0.024,0.373,0.709,-0.038,0.056
date_2009-05-17 00:00:00,-0.3252,0.024,-13.569,0.0,-0.372,-0.278
date_2009-05-24 00:00:00,-0.0347,0.024,-1.47,0.141,-0.081,0.012
date_2009-05-31 00:00:00,-0.1911,0.024,-8.062,0.0,-0.238,-0.145
date_2009-06-07 00:00:00,-0.2235,0.024,-9.319,0.0,-0.27,-0.176
date_2009-06-14 00:00:00,0.0205,0.024,0.858,0.391,-0.026,0.067
date_2009-06-21 00:00:00,-0.1431,0.024,-6.02,0.0,-0.19,-0.097
date_2009-06-28 00:00:00,-0.0163,0.024,-0.687,0.492,-0.063,0.03
date_2009-07-05 00:00:00,-0.0068,0.024,-0.28,0.78,-0.055,0.041
date_2009-07-12 00:00:00,-0.1025,0.024,-4.305,0.0,-0.149,-0.056
date_2009-07-19 00:00:00,0.0636,0.024,2.625,0.009,0.016,0.111
date_2009-07-26 00:00:00,-0.3293,0.025,-13.259,0.0,-0.378,-0.281
date_2009-08-02 00:00:00,0.1363,0.024,5.775,0.0,0.09,0.183
date_2009-08-09 00:00:00,0.1589,0.024,6.672,0.0,0.112,0.206
date_2009-08-16 00:00:00,0.2723,0.024,11.419,0.0,0.226,0.319
date_2009-08-23 00:00:00,-0.3277,0.024,-13.65,0.0,-0.375,-0.281
date_2009-08-30 00:00:00,0.033,0.024,1.387,0.166,-0.014,0.08
date_2009-09-06 00:00:00,0.0603,0.024,2.538,0.011,0.014,0.107
date_2009-09-13 00:00:00,-0.0616,0.024,-2.591,0.01,-0.108,-0.015
date_2009-09-20 00:00:00,-0.0346,0.024,-1.456,0.145,-0.081,0.012
date_2009-09-27 00:00:00,0.0441,0.024,1.824,0.068,-0.003,0.092
date_2009-10-04 00:00:00,-0.3527,0.025,-14.212,0.0,-0.401,-0.304
date_2009-10-11 00:00:00,-0.046,0.025,-1.874,0.061,-0.094,0.002
date_2009-10-18 00:00:00,0.0035,0.024,0.143,0.886,-0.044,0.051
date_2009-10-25 00:00:00,-0.4389,0.024,-18.452,0.0,-0.486,-0.392
date_2009-11-01 00:00:00,-0.0588,0.025,-2.38,0.017,-0.107,-0.01
date_2009-11-08 00:00:00,-0.1374,0.024,-5.68,0.0,-0.185,-0.09
date_2009-11-15 00:00:00,-0.0538,0.024,-2.259,0.024,-0.101,-0.007
date_2009-11-22 00:00:00,-0.1436,0.024,-6.037,0.0,-0.19,-0.097
date_2009-11-29 00:00:00,0.2126,0.024,8.959,0.0,0.166,0.259
date_2009-12-06 00:00:00,-0.3378,0.024,-13.978,0.0,-0.385,-0.29
date_2009-12-13 00:00:00,-0.1482,0.024,-6.232,0.0,-0.195,-0.102
date_2009-12-20 00:00:00,0.1483,0.024,6.251,0.0,0.102,0.195
date_2009-12-27 00:00:00,-0.2966,0.024,-12.425,0.0,-0.343,-0.25
date_2010-01-03 00:00:00,-0.2885,0.024,-12.06,0.0,-0.335,-0.242
date_2010-01-10 00:00:00,0.0791,0.024,3.329,0.001,0.033,0.126
date_2010-01-17 00:00:00,-0.325,0.024,-13.721,0.0,-0.371,-0.279
date_2010-01-24 00:00:00,-0.1155,0.024,-4.838,0.0,-0.162,-0.069
date_2010-01-31 00:00:00,-0.3852,0.024,-16.053,0.0,-0.432,-0.338
date_2010-02-07 00:00:00,0.0648,0.024,2.717,0.007,0.018,0.112
date_2010-02-14 00:00:00,-0.0095,0.024,-0.394,0.694,-0.057,0.038
date_2010-02-21 00:00:00,-0.2372,0.024,-10.011,0.0,-0.284,-0.191
date_2010-02-28 00:00:00,-0.2098,0.024,-8.855,0.0,-0.256,-0.163
date_2010-03-07 00:00:00,-0.1207,0.024,-5.001,0.0,-0.168,-0.073
date_2010-03-14 00:00:00,-0.2109,0.024,-8.903,0.0,-0.257,-0.164
date_2010-03-21 00:00:00,-0.3824,0.024,-16.21,0.0,-0.429,-0.336
date_2010-03-28 00:00:00,0.23,0.024,9.728,0.0,0.184,0.276
date_2010-04-04 00:00:00,0.0337,0.024,1.421,0.155,-0.013,0.08
date_2010-04-11 00:00:00,-0.4377,0.024,-18.614,0.0,-0.484,-0.392
date_2010-04-18 00:00:00,-0.5462,0.024,-23.215,0.0,-0.592,-0.5
date_2010-04-25 00:00:00,-0.05,0.024,-2.122,0.034,-0.096,-0.004
date_2010-05-02 00:00:00,0.1797,0.024,7.575,0.0,0.133,0.226
date_2010-05-09 00:00:00,-0.2985,0.024,-12.481,0.0,-0.345,-0.252
date_2010-05-16 00:00:00,-0.3385,0.024,-13.977,0.0,-0.386,-0.291
date_2010-05-23 00:00:00,-0.4845,0.024,-20.293,0.0,-0.531,-0.438
date_2010-05-30 00:00:00,-0.1233,0.024,-5.114,0.0,-0.171,-0.076
date_2010-06-06 00:00:00,-0.233,0.024,-9.743,0.0,-0.28,-0.186
date_2010-06-13 00:00:00,-0.3725,0.025,-15.034,0.0,-0.421,-0.324
date_2010-06-20 00:00:00,0.0132,0.024,0.554,0.58,-0.033,0.06
date_2010-06-27 00:00:00,-0.4524,0.024,-18.828,0.0,-0.499,-0.405
date_2010-07-04 00:00:00,-0.2105,0.025,-8.54,0.0,-0.259,-0.162
date_2010-07-11 00:00:00,-0.1946,0.025,-7.884,0.0,-0.243,-0.146
date_2010-07-18 00:00:00,-0.1557,0.025,-6.249,0.0,-0.205,-0.107
date_2010-07-25 00:00:00,-0.0619,0.024,-2.546,0.011,-0.109,-0.014
date_2010-08-01 00:00:00,-0.1824,0.024,-7.627,0.0,-0.229,-0.136
date_2010-08-08 00:00:00,-0.1803,0.024,-7.445,0.0,-0.228,-0.133
date_2010-08-15 00:00:00,0.0135,0.024,0.558,0.577,-0.034,0.061
date_2010-08-22 00:00:00,-0.4133,0.024,-17.022,0.0,-0.461,-0.366
date_2010-08-29 00:00:00,0.107,0.024,4.436,0.0,0.06,0.154
date_2010-09-05 00:00:00,0.0454,0.024,1.897,0.058,-0.002,0.092
date_2010-09-12 00:00:00,-0.0442,0.024,-1.834,0.067,-0.091,0.003
date_2010-09-19 00:00:00,-0.4509,0.024,-18.908,0.0,-0.498,-0.404
date_2010-09-26 00:00:00,-0.0663,0.024,-2.707,0.007,-0.114,-0.018
date_2010-10-03 00:00:00,-0.2761,0.024,-11.469,0.0,-0.323,-0.229
date_2010-10-10 00:00:00,-0.2978,0.024,-12.341,0.0,-0.345,-0.251
date_2010-10-17 00:00:00,-0.1847,0.024,-7.663,0.0,-0.232,-0.137
date_2010-10-24 00:00:00,-0.1032,0.024,-4.301,0.0,-0.15,-0.056
date_2010-10-31 00:00:00,-0.1557,0.024,-6.517,0.0,-0.203,-0.109
date_2010-11-07 00:00:00,-0.1592,0.024,-6.571,0.0,-0.207,-0.112
date_2010-11-14 00:00:00,-0.3637,0.024,-15.079,0.0,-0.411,-0.316
date_2010-11-21 00:00:00,-0.2478,0.024,-10.273,0.0,-0.295,-0.2
date_2010-11-28 00:00:00,-0.1093,0.024,-4.571,0.0,-0.156,-0.062
date_2010-12-05 00:00:00,-0.1733,0.024,-7.114,0.0,-0.221,-0.126
date_2010-12-12 00:00:00,0.2792,0.024,11.689,0.0,0.232,0.326
date_2010-12-19 00:00:00,-0.206,0.024,-8.682,0.0,-0.253,-0.16
date_2010-12-26 00:00:00,-0.249,0.024,-10.418,0.0,-0.296,-0.202
date_2011-01-02 00:00:00,0.1611,0.024,6.73,0.0,0.114,0.208
date_2011-01-09 00:00:00,-0.3032,0.024,-12.62,0.0,-0.35,-0.256
date_2011-01-16 00:00:00,0.1338,0.024,5.613,0.0,0.087,0.181
date_2011-01-23 00:00:00,-0.1905,0.024,-7.998,0.0,-0.237,-0.144
date_2011-01-30 00:00:00,-0.1775,0.024,-7.47,0.0,-0.224,-0.131
date_2011-02-06 00:00:00,0.0962,0.024,3.995,0.0,0.049,0.143
date_2011-02-13 00:00:00,-0.155,0.024,-6.521,0.0,-0.202,-0.108
date_2011-02-20 00:00:00,0.0723,0.024,3.049,0.002,0.026,0.119
date_2011-02-27 00:00:00,-0.4347,0.024,-18.285,0.0,-0.481,-0.388
date_2011-03-06 00:00:00,0.0966,0.024,4.06,0.0,0.05,0.143
date_2011-03-13 00:00:00,0.21,0.024,8.798,0.0,0.163,0.257
date_2011-03-20 00:00:00,-0.2848,0.024,-11.987,0.0,-0.331,-0.238
date_2011-03-27 00:00:00,-0.2061,0.024,-8.623,0.0,-0.253,-0.159
date_2011-04-03 00:00:00,-0.5465,0.024,-22.918,0.0,-0.593,-0.5
date_2011-04-10 00:00:00,-0.4842,0.024,-20.292,0.0,-0.531,-0.437
date_2011-04-17 00:00:00,0.1373,0.024,5.753,0.0,0.091,0.184
date_2011-04-24 00:00:00,-0.5655,0.024,-23.717,0.0,-0.612,-0.519
date_2011-05-01 00:00:00,-0.4196,0.024,-17.555,0.0,-0.467,-0.373
date_2011-05-08 00:00:00,-0.6099,0.024,-25.836,0.0,-0.656,-0.564
date_2011-05-15 00:00:00,-0.4226,0.024,-17.745,0.0,-0.469,-0.376
date_2011-05-22 00:00:00,0.3743,0.024,15.706,0.0,0.328,0.421
date_2011-05-29 00:00:00,-0.171,0.024,-7.223,0.0,-0.217,-0.125
date_2011-06-05 00:00:00,-0.287,0.024,-12.081,0.0,-0.334,-0.24
date_2011-06-12 00:00:00,-0.06,0.024,-2.523,0.012,-0.107,-0.013
date_2011-06-19 00:00:00,-0.0359,0.024,-1.502,0.133,-0.083,0.011
date_2011-06-26 00:00:00,0.0821,0.024,3.397,0.001,0.035,0.129
date_2011-07-03 00:00:00,-0.0643,0.024,-2.695,0.007,-0.111,-0.018
date_2011-07-10 00:00:00,-0.346,0.024,-14.421,0.0,-0.393,-0.299
date_2011-07-17 00:00:00,-0.3141,0.024,-13.211,0.0,-0.361,-0.267
date_2011-07-24 00:00:00,-0.3173,0.024,-13.257,0.0,-0.364,-0.27
date_2011-07-31 00:00:00,-0.1614,0.024,-6.716,0.0,-0.208,-0.114
date_2011-08-07 00:00:00,-0.2408,0.025,-9.681,0.0,-0.29,-0.192
date_2011-08-14 00:00:00,0.0749,0.025,2.974,0.003,0.026,0.124
date_2011-08-21 00:00:00,-0.1719,0.025,-6.934,0.0,-0.221,-0.123
date_2011-08-28 00:00:00,-0.0771,0.024,-3.197,0.001,-0.124,-0.03
date_2011-09-04 00:00:00,-0.2221,0.024,-9.196,0.0,-0.269,-0.175
date_2011-09-11 00:00:00,-0.4394,0.024,-18.459,0.0,-0.486,-0.393
date_2011-09-18 00:00:00,-0.2814,0.024,-11.704,0.0,-0.328,-0.234
date_2011-09-25 00:00:00,-0.2693,0.024,-11.18,0.0,-0.317,-0.222
date_2011-10-02 00:00:00,-0.0441,0.024,-1.853,0.064,-0.091,0.003
date_2011-10-09 00:00:00,-0.0933,0.024,-3.849,0.0,-0.141,-0.046
date_2011-10-16 00:00:00,-0.2417,0.024,-10.054,0.0,-0.289,-0.195
date_2011-10-23 00:00:00,-0.0055,0.024,-0.231,0.817,-0.052,0.041
date_2011-10-30 00:00:00,-0.1333,0.024,-5.487,0.0,-0.181,-0.086
date_2011-11-06 00:00:00,0.0733,0.024,3.062,0.002,0.026,0.12
date_2011-11-13 00:00:00,-0.0109,0.024,-0.458,0.647,-0.058,0.036
date_2011-11-20 00:00:00,-0.4106,0.025,-16.535,0.0,-0.459,-0.362
date_2011-11-27 00:00:00,0.0183,0.024,0.765,0.444,-0.029,0.065
date_2011-12-04 00:00:00,-0.076,0.024,-3.141,0.002,-0.123,-0.029
date_2011-12-11 00:00:00,-0.2197,0.024,-9.241,0.0,-0.266,-0.173
date_2011-12-18 00:00:00,-0.0609,0.024,-2.53,0.011,-0.108,-0.014
date_2011-12-25 00:00:00,-0.2805,0.024,-11.727,0.0,-0.327,-0.234
date_2012-01-01 00:00:00,-0.2371,0.024,-9.926,0.0,-0.284,-0.19
date_2012-01-08 00:00:00,-0.135,0.024,-5.608,0.0,-0.182,-0.088
date_2012-01-15 00:00:00,-0.1853,0.024,-7.8,0.0,-0.232,-0.139
date_2012-01-22 00:00:00,-0.1001,0.024,-4.17,0.0,-0.147,-0.053
date_2012-01-29 00:00:00,-0.5664,0.024,-23.95,0.0,-0.613,-0.52
date_2012-02-05 00:00:00,0.0189,0.024,0.794,0.427,-0.028,0.065
date_2012-02-12 00:00:00,-0.1285,0.024,-5.425,0.0,-0.175,-0.082
date_2012-02-19 00:00:00,-0.1478,0.024,-6.208,0.0,-0.195,-0.101
date_2012-02-26 00:00:00,-0.1952,0.024,-8.166,0.0,-0.242,-0.148
date_2012-03-04 00:00:00,-0.4327,0.024,-18.192,0.0,-0.479,-0.386
date_2012-03-11 00:00:00,-0.2729,0.024,-11.451,0.0,-0.32,-0.226
date_2012-03-18 00:00:00,-0.5569,0.024,-23.384,0.0,-0.604,-0.51
date_2012-03-25 00:00:00,-0.0693,0.024,-2.906,0.004,-0.116,-0.023
date_2012-04-01 00:00:00,-0.3139,0.024,-13.154,0.0,-0.361,-0.267
date_2012-04-08 00:00:00,-0.0808,0.024,-3.364,0.001,-0.128,-0.034
date_2012-04-15 00:00:00,-0.13,0.024,-5.457,0.0,-0.177,-0.083
date_2012-04-22 00:00:00,0.0762,0.024,3.159,0.002,0.029,0.123
date_2012-04-29 00:00:00,-0.3992,0.024,-16.78,0.0,-0.446,-0.353
date_2012-05-06 00:00:00,0.1657,0.024,6.964,0.0,0.119,0.212
date_2012-05-13 00:00:00,-0.2039,0.024,-8.542,0.0,-0.251,-0.157
date_2012-05-20 00:00:00,-0.1679,0.024,-6.967,0.0,-0.215,-0.121
date_2012-05-27 00:00:00,-0.1316,0.024,-5.534,0.0,-0.178,-0.085
date_2012-06-03 00:00:00,-0.2071,0.024,-8.671,0.0,-0.254,-0.16
date_2012-06-10 00:00:00,-0.4251,0.024,-17.423,0.0,-0.473,-0.377
date_2012-06-17 00:00:00,0.0015,0.024,0.064,0.949,-0.046,0.049
date_2012-06-24 00:00:00,-0.2611,0.024,-10.921,0.0,-0.308,-0.214
date_2012-07-01 00:00:00,-0.1634,0.024,-6.698,0.0,-0.211,-0.116
date_2012-07-08 00:00:00,-0.4714,0.024,-19.644,0.0,-0.518,-0.424
date_2012-07-15 00:00:00,0.1524,0.024,6.406,0.0,0.106,0.199
date_2012-07-22 00:00:00,0.0056,0.024,0.23,0.818,-0.042,0.053
date_2012-07-29 00:00:00,-0.4021,0.024,-16.791,0.0,-0.449,-0.355
date_2012-08-05 00:00:00,-0.2315,0.024,-9.661,0.0,-0.278,-0.185
date_2012-08-12 00:00:00,-0.0824,0.024,-3.442,0.001,-0.129,-0.035
date_2012-08-19 00:00:00,-0.1971,0.024,-8.19,0.0,-0.244,-0.15
date_2012-08-26 00:00:00,-0.4109,0.024,-17.325,0.0,-0.457,-0.364
date_2012-09-02 00:00:00,-0.3482,0.024,-14.636,0.0,-0.395,-0.302
date_2012-09-09 00:00:00,-0.5936,0.024,-24.925,0.0,-0.64,-0.547
date_2012-09-16 00:00:00,0.1533,0.024,6.473,0.0,0.107,0.2
date_2012-09-23 00:00:00,-0.1729,0.024,-7.285,0.0,-0.219,-0.126
date_2012-09-30 00:00:00,-0.465,0.024,-19.389,0.0,-0.512,-0.418
date_2012-10-07 00:00:00,-0.0719,0.024,-3.002,0.003,-0.119,-0.025
date_2012-10-14 00:00:00,0.1268,0.024,5.318,0.0,0.08,0.174
date_2012-10-21 00:00:00,-0.3194,0.024,-13.385,0.0,-0.366,-0.273
date_2012-10-28 00:00:00,-0.0744,0.024,-3.098,0.002,-0.121,-0.027
date_2012-11-04 00:00:00,-0.3536,0.024,-14.909,0.0,-0.4,-0.307
date_2012-11-11 00:00:00,-0.189,0.024,-7.876,0.0,-0.236,-0.142
date_2012-11-18 00:00:00,-0.2076,0.024,-8.608,0.0,-0.255,-0.16
date_2012-11-25 00:00:00,-0.2078,0.024,-8.73,0.0,-0.254,-0.161
date_2012-12-02 00:00:00,0.017,0.024,0.715,0.475,-0.03,0.064
date_2012-12-09 00:00:00,0.1035,0.024,4.363,0.0,0.057,0.15
date_2012-12-16 00:00:00,-0.0211,0.024,-0.888,0.375,-0.068,0.026
date_2012-12-23 00:00:00,-0.2606,0.024,-10.922,0.0,-0.307,-0.214
date_2012-12-30 00:00:00,-0.3828,0.024,-16.034,0.0,-0.43,-0.336
date_2013-01-06 00:00:00,-0.0152,0.024,-0.639,0.523,-0.062,0.031
date_2013-01-13 00:00:00,0.1004,0.024,4.227,0.0,0.054,0.147
date_2013-01-20 00:00:00,-0.2963,0.024,-12.545,0.0,-0.343,-0.25
date_2013-01-27 00:00:00,-0.3827,0.024,-15.989,0.0,-0.43,-0.336
date_2013-02-03 00:00:00,-0.3708,0.024,-15.618,0.0,-0.417,-0.324
date_2013-02-10 00:00:00,0.1174,0.024,4.891,0.0,0.07,0.164
date_2013-02-17 00:00:00,-0.3203,0.024,-13.367,0.0,-0.367,-0.273
date_2013-02-24 00:00:00,-0.1392,0.024,-5.849,0.0,-0.186,-0.093
date_2013-03-03 00:00:00,-0.0639,0.024,-2.666,0.008,-0.111,-0.017
date_2013-03-10 00:00:00,-0.0074,0.024,-0.305,0.76,-0.055,0.04
date_2013-03-17 00:00:00,-0.0027,0.024,-0.115,0.908,-0.049,0.044
date_2013-03-24 00:00:00,-0.5161,0.024,-21.442,0.0,-0.563,-0.469
date_2013-03-31 00:00:00,-0.3514,0.024,-14.609,0.0,-0.399,-0.304
date_2013-04-07 00:00:00,-0.15,0.024,-6.275,0.0,-0.197,-0.103
date_2013-04-14 00:00:00,0.2746,0.024,11.613,0.0,0.228,0.321
date_2013-04-21 00:00:00,-0.0883,0.024,-3.693,0.0,-0.135,-0.041
date_2013-04-28 00:00:00,-0.5146,0.024,-21.772,0.0,-0.561,-0.468
date_2013-05-05 00:00:00,-0.3387,0.024,-14.176,0.0,-0.385,-0.292
date_2013-05-12 00:00:00,-0.29,0.024,-12.234,0.0,-0.336,-0.244
date_2013-05-19 00:00:00,-0.0893,0.024,-3.754,0.0,-0.136,-0.043
date_2013-05-26 00:00:00,-0.4906,0.024,-20.394,0.0,-0.538,-0.443
date_2013-06-02 00:00:00,0.0988,0.024,4.146,0.0,0.052,0.145
date_2013-06-09 00:00:00,-0.1656,0.024,-6.983,0.0,-0.212,-0.119
date_2013-06-16 00:00:00,-0.2422,0.024,-10.194,0.0,-0.289,-0.196
date_2013-06-23 00:00:00,0.0945,0.024,3.948,0.0,0.048,0.141
date_2013-06-30 00:00:00,-0.3992,0.024,-16.72,0.0,-0.446,-0.352
date_2013-07-07 00:00:00,0.011,0.024,0.465,0.642,-0.035,0.057
date_2013-07-14 00:00:00,-0.2101,0.024,-8.906,0.0,-0.256,-0.164
date_2013-07-21 00:00:00,-0.0581,0.024,-2.449,0.014,-0.105,-0.012
date_2013-07-28 00:00:00,-0.2551,0.024,-10.751,0.0,-0.302,-0.209
date_2013-08-04 00:00:00,-0.2165,0.024,-9.04,0.0,-0.263,-0.17
date_2013-08-11 00:00:00,-0.1266,0.024,-5.33,0.0,-0.173,-0.08
date_2013-08-18 00:00:00,-0.1591,0.024,-6.646,0.0,-0.206,-0.112
date_2013-08-25 00:00:00,-0.2454,0.024,-10.245,0.0,-0.292,-0.198
date_2013-09-01 00:00:00,-0.0698,0.024,-2.915,0.004,-0.117,-0.023
date_2013-09-08 00:00:00,-0.1272,0.024,-5.362,0.0,-0.174,-0.081
date_2013-09-15 00:00:00,-0.0196,0.024,-0.815,0.415,-0.067,0.028
date_2013-09-22 00:00:00,-0.5464,0.024,-22.842,0.0,-0.593,-0.499
date_2013-09-29 00:00:00,-0.1944,0.024,-8.005,0.0,-0.242,-0.147
date_2013-10-06 00:00:00,0.2305,0.024,9.702,0.0,0.184,0.277
date_2013-10-13 00:00:00,-0.0522,0.024,-2.186,0.029,-0.099,-0.005
date_2013-10-20 00:00:00,-0.2046,0.024,-8.516,0.0,-0.252,-0.158
date_2013-10-27 00:00:00,-0.1309,0.024,-5.445,0.0,-0.178,-0.084
date_2013-11-03 00:00:00,-0.06,0.024,-2.457,0.014,-0.108,-0.012
date_2013-11-10 00:00:00,0.1843,0.024,7.618,0.0,0.137,0.232
date_2013-11-17 00:00:00,0.0244,0.024,1.014,0.311,-0.023,0.072
date_2013-11-24 00:00:00,-0.0344,0.024,-1.444,0.149,-0.081,0.012
date_2013-12-01 00:00:00,-0.0674,0.024,-2.823,0.005,-0.114,-0.021
date_2013-12-08 00:00:00,-0.1191,0.024,-5.014,0.0,-0.166,-0.073
date_2013-12-15 00:00:00,-0.3417,0.024,-14.434,0.0,-0.388,-0.295
date_2013-12-22 00:00:00,-0.2184,0.024,-9.224,0.0,-0.265,-0.172
date_2013-12-29 00:00:00,-0.3241,0.024,-13.615,0.0,-0.371,-0.277
date_2014-01-05 00:00:00,-0.0259,0.024,-1.087,0.277,-0.073,0.021
date_2014-01-12 00:00:00,0.0304,0.024,1.262,0.207,-0.017,0.078
date_2014-01-19 00:00:00,0.0537,0.024,2.257,0.024,0.007,0.1
date_2014-01-26 00:00:00,-0.1388,0.024,-5.699,0.0,-0.186,-0.091
date_2014-02-02 00:00:00,0.0898,0.024,3.79,0.0,0.043,0.136
date_2014-02-09 00:00:00,-0.5955,0.024,-25.227,0.0,-0.642,-0.549
date_2014-02-16 00:00:00,-0.3976,0.024,-16.632,0.0,-0.444,-0.351
date_2014-02-23 00:00:00,0.2426,0.024,10.234,0.0,0.196,0.289
date_2014-03-02 00:00:00,-0.0326,0.024,-1.371,0.17,-0.079,0.014
date_2014-03-09 00:00:00,-0.3211,0.024,-13.189,0.0,-0.369,-0.273
date_2014-03-16 00:00:00,0.0401,0.024,1.673,0.094,-0.007,0.087
date_2014-03-23 00:00:00,-0.1926,0.024,-8.061,0.0,-0.239,-0.146
date_2014-03-30 00:00:00,-0.0088,0.024,-0.374,0.708,-0.055,0.037
date_2014-04-06 00:00:00,-0.5445,0.024,-23.067,0.0,-0.591,-0.498
date_2014-04-13 00:00:00,-0.3081,0.024,-13.0,0.0,-0.355,-0.262
date_2014-04-20 00:00:00,-0.2532,0.024,-10.744,0.0,-0.299,-0.207
date_2014-04-27 00:00:00,0.1889,0.024,7.985,0.0,0.143,0.235
date_2014-05-04 00:00:00,-0.3876,0.024,-16.302,0.0,-0.434,-0.341
date_2014-05-11 00:00:00,0.1953,0.024,8.128,0.0,0.148,0.242
date_2014-05-18 00:00:00,0.3806,0.024,16.106,0.0,0.334,0.427
date_2014-05-25 00:00:00,-0.2379,0.024,-10.031,0.0,-0.284,-0.191
date_2014-06-01 00:00:00,0.0822,0.024,3.433,0.001,0.035,0.129
date_2014-06-08 00:00:00,-0.2481,0.024,-10.285,0.0,-0.295,-0.201
date_2014-06-15 00:00:00,0.0197,0.024,0.82,0.412,-0.027,0.067
date_2014-06-22 00:00:00,-0.0874,0.024,-3.639,0.0,-0.135,-0.04
date_2014-06-29 00:00:00,-0.0776,0.024,-3.24,0.001,-0.125,-0.031
date_2014-07-06 00:00:00,0.2319,0.024,9.678,0.0,0.185,0.279
date_2014-07-13 00:00:00,-0.2395,0.024,-10.055,0.0,-0.286,-0.193
date_2014-07-20 00:00:00,-0.4499,0.024,-18.969,0.0,-0.496,-0.403
date_2014-07-27 00:00:00,-0.4193,0.024,-17.564,0.0,-0.466,-0.373
date_2014-08-03 00:00:00,-0.0395,0.024,-1.661,0.097,-0.086,0.007
date_2014-08-10 00:00:00,-0.0271,0.024,-1.136,0.256,-0.074,0.02
date_2014-08-17 00:00:00,-0.1938,0.024,-8.114,0.0,-0.241,-0.147
date_2014-08-24 00:00:00,-0.1478,0.024,-6.169,0.0,-0.195,-0.101
date_2014-08-31 00:00:00,-0.1347,0.024,-5.615,0.0,-0.182,-0.088
date_2014-09-07 00:00:00,-0.3065,0.024,-12.891,0.0,-0.353,-0.26
date_2014-09-14 00:00:00,-0.1976,0.024,-8.215,0.0,-0.245,-0.15
date_2014-09-21 00:00:00,-0.3483,0.024,-14.598,0.0,-0.395,-0.302
date_2014-09-28 00:00:00,-0.4597,0.024,-19.046,0.0,-0.507,-0.412
date_2014-10-05 00:00:00,-0.4017,0.024,-16.815,0.0,-0.449,-0.355
date_2014-10-12 00:00:00,-0.2127,0.024,-8.812,0.0,-0.26,-0.165
date_2014-10-19 00:00:00,-0.1149,0.024,-4.776,0.0,-0.162,-0.068
date_2014-10-26 00:00:00,-0.1724,0.024,-7.214,0.0,-0.219,-0.126
date_2014-11-02 00:00:00,-0.4525,0.024,-19.001,0.0,-0.499,-0.406
date_2014-11-09 00:00:00,-0.1104,0.024,-4.614,0.0,-0.157,-0.063
date_2014-11-16 00:00:00,-0.1115,0.024,-4.622,0.0,-0.159,-0.064
date_2014-11-23 00:00:00,-0.1046,0.024,-4.372,0.0,-0.151,-0.058
date_2014-11-30 00:00:00,0.0717,0.024,3.018,0.003,0.025,0.118
date_2014-12-07 00:00:00,-0.0501,0.024,-2.104,0.035,-0.097,-0.003
date_2014-12-14 00:00:00,-0.4722,0.024,-19.499,0.0,-0.52,-0.425
date_2014-12-21 00:00:00,-0.0049,0.024,-0.203,0.839,-0.052,0.042
date_2014-12-28 00:00:00,-0.1084,0.024,-4.548,0.0,-0.155,-0.062
date_2015-01-04 00:00:00,-0.3476,0.024,-14.287,0.0,-0.395,-0.3
date_2015-01-11 00:00:00,-0.039,0.024,-1.611,0.107,-0.087,0.008
date_2015-01-18 00:00:00,0.0274,0.024,1.135,0.256,-0.02,0.075
date_2015-01-25 00:00:00,-0.2,0.024,-8.382,0.0,-0.247,-0.153
date_2015-02-01 00:00:00,-0.2943,0.024,-12.29,0.0,-0.341,-0.247
date_2015-02-08 00:00:00,-0.3848,0.024,-15.987,0.0,-0.432,-0.338
date_2015-02-15 00:00:00,-0.1291,0.024,-5.468,0.0,-0.175,-0.083
date_2015-02-22 00:00:00,-0.3614,0.024,-15.293,0.0,-0.408,-0.315
date_2015-03-01 00:00:00,-0.4904,0.024,-20.713,0.0,-0.537,-0.444
date_2015-03-08 00:00:00,-0.0282,0.024,-1.185,0.236,-0.075,0.018
date_2015-03-15 00:00:00,0.037,0.024,1.557,0.119,-0.01,0.084
date_2015-03-22 00:00:00,0.1802,0.024,7.629,0.0,0.134,0.226
date_2015-03-29 00:00:00,0.125,0.024,5.294,0.0,0.079,0.171
date_2015-04-05 00:00:00,-0.0013,0.024,-0.054,0.957,-0.048,0.045
date_2015-04-12 00:00:00,-0.4547,0.024,-19.206,0.0,-0.501,-0.408
date_2015-04-19 00:00:00,0.0233,0.024,0.973,0.33,-0.024,0.07
date_2015-04-26 00:00:00,-0.0802,0.024,-3.383,0.001,-0.127,-0.034
date_2015-05-03 00:00:00,0.0421,0.024,1.779,0.075,-0.004,0.089
date_2015-05-10 00:00:00,0.4215,0.024,17.74,0.0,0.375,0.468
date_2015-05-17 00:00:00,0.0451,0.024,1.899,0.058,-0.001,0.092
date_2015-05-24 00:00:00,0.1488,0.024,6.287,0.0,0.102,0.195
date_2015-05-31 00:00:00,-0.0396,0.024,-1.673,0.094,-0.086,0.007
date_2015-06-07 00:00:00,-0.0783,0.024,-3.321,0.001,-0.125,-0.032
date_2015-06-14 00:00:00,-0.0447,0.024,-1.896,0.058,-0.091,0.001
date_2015-06-21 00:00:00,-0.0155,0.024,-0.656,0.512,-0.062,0.031
date_2015-06-28 00:00:00,-0.0122,0.024,-0.516,0.606,-0.058,0.034
date_2015-07-05 00:00:00,-0.0491,0.024,-2.038,0.042,-0.096,-0.002
date_2015-07-12 00:00:00,-0.104,0.024,-4.394,0.0,-0.15,-0.058
date_2015-07-19 00:00:00,-0.273,0.024,-11.585,0.0,-0.319,-0.227
date_2015-07-26 00:00:00,-0.0811,0.024,-3.403,0.001,-0.128,-0.034
date_2015-08-02 00:00:00,-0.0434,0.024,-1.825,0.068,-0.09,0.003
date_2015-08-09 00:00:00,-0.4565,0.024,-19.111,0.0,-0.503,-0.41
date_2015-08-16 00:00:00,-0.23,0.024,-9.678,0.0,-0.277,-0.183
date_2015-08-23 00:00:00,0.1164,0.024,4.828,0.0,0.069,0.164
date_2015-08-30 00:00:00,-0.1218,0.024,-5.112,0.0,-0.169,-0.075
date_2015-09-06 00:00:00,0.0862,0.024,3.572,0.0,0.039,0.133
date_2015-09-13 00:00:00,0.0447,0.024,1.865,0.062,-0.002,0.092
date_2015-09-20 00:00:00,-0.207,0.024,-8.648,0.0,-0.254,-0.16
date_2015-09-27 00:00:00,-0.0931,0.024,-3.916,0.0,-0.14,-0.047
date_2015-10-04 00:00:00,-0.3898,0.024,-16.288,0.0,-0.437,-0.343
date_2015-10-11 00:00:00,-0.1826,0.024,-7.67,0.0,-0.229,-0.136
date_2015-10-18 00:00:00,-0.0881,0.024,-3.666,0.0,-0.135,-0.041
date_2015-10-25 00:00:00,0.1243,0.024,5.193,0.0,0.077,0.171
date_2015-11-01 00:00:00,-0.2867,0.024,-12.021,0.0,-0.333,-0.24
date_2015-11-08 00:00:00,-0.1346,0.024,-5.631,0.0,-0.181,-0.088
date_2015-11-15 00:00:00,0.0471,0.024,1.955,0.051,-0.0,0.094
date_2015-11-22 00:00:00,0.0773,0.024,3.22,0.001,0.03,0.124
date_2015-11-29 00:00:00,0.0118,0.024,0.496,0.62,-0.035,0.059
date_2015-12-06 00:00:00,-0.0046,0.024,-0.19,0.849,-0.052,0.042
date_2015-12-13 00:00:00,-0.3139,0.024,-12.876,0.0,-0.362,-0.266
date_2015-12-20 00:00:00,-0.2491,0.024,-10.465,0.0,-0.296,-0.202
date_2015-12-27 00:00:00,-0.3031,0.024,-12.577,0.0,-0.35,-0.256
date_2016-01-03 00:00:00,-0.2263,0.024,-9.364,0.0,-0.274,-0.179
date_2016-01-10 00:00:00,-0.0935,0.024,-3.878,0.0,-0.141,-0.046
date_2016-01-17 00:00:00,0.0885,0.024,3.656,0.0,0.041,0.136
date_2016-01-24 00:00:00,-0.4021,0.024,-16.525,0.0,-0.45,-0.354
date_2016-01-31 00:00:00,-0.2719,0.024,-11.317,0.0,-0.319,-0.225
date_2016-02-07 00:00:00,0.0229,0.024,0.956,0.339,-0.024,0.07
date_2016-02-14 00:00:00,0.2956,0.024,12.279,0.0,0.248,0.343
date_2016-02-21 00:00:00,-0.1696,0.024,-7.037,0.0,-0.217,-0.122
date_2016-02-28 00:00:00,-0.0317,0.024,-1.318,0.187,-0.079,0.015
date_2016-03-06 00:00:00,-0.1948,0.024,-8.049,0.0,-0.242,-0.147
date_2016-03-13 00:00:00,-0.3298,0.024,-13.487,0.0,-0.378,-0.282
date_2016-03-20 00:00:00,0.0392,0.024,1.628,0.103,-0.008,0.086
date_2016-03-27 00:00:00,-0.1248,0.024,-5.189,0.0,-0.172,-0.078
date_2016-04-03 00:00:00,0.1034,0.024,4.317,0.0,0.056,0.15
date_2016-04-10 00:00:00,0.1072,0.024,4.477,0.0,0.06,0.154
date_2016-04-17 00:00:00,-0.4426,0.024,-18.538,0.0,-0.489,-0.396
date_2016-04-24 00:00:00,-0.0741,0.024,-3.122,0.002,-0.121,-0.028
date_2016-05-01 00:00:00,-0.1335,0.024,-5.611,0.0,-0.18,-0.087
date_2016-05-08 00:00:00,-0.2107,0.024,-8.807,0.0,-0.258,-0.164
date_2016-05-15 00:00:00,0.2812,0.024,11.837,0.0,0.235,0.328
date_2016-05-22 00:00:00,-0.4074,0.024,-17.084,0.0,-0.454,-0.361
date_2016-05-29 00:00:00,0.1434,0.024,6.005,0.0,0.097,0.19
date_2016-06-05 00:00:00,0.0364,0.024,1.529,0.126,-0.01,0.083
date_2016-06-12 00:00:00,-0.1268,0.024,-5.307,0.0,-0.174,-0.08
date_2016-06-19 00:00:00,-0.525,0.024,-21.947,0.0,-0.572,-0.478
date_2016-06-26 00:00:00,0.0419,0.024,1.764,0.078,-0.005,0.089
date_2016-07-03 00:00:00,0.1083,0.024,4.547,0.0,0.062,0.155
date_2016-07-10 00:00:00,-0.1317,0.024,-5.534,0.0,-0.178,-0.085
date_2016-07-17 00:00:00,-0.1509,0.024,-6.289,0.0,-0.198,-0.104
date_2016-07-24 00:00:00,-0.2734,0.024,-11.401,0.0,-0.32,-0.226
date_2016-07-31 00:00:00,-0.534,0.024,-22.338,0.0,-0.581,-0.487
date_2016-08-07 00:00:00,0.0107,0.024,0.448,0.654,-0.036,0.057
date_2016-08-14 00:00:00,-0.1472,0.024,-6.15,0.0,-0.194,-0.1
date_2016-08-21 00:00:00,-0.2693,0.024,-11.308,0.0,-0.316,-0.223
date_2016-08-28 00:00:00,-0.092,0.024,-3.879,0.0,-0.139,-0.046
date_2016-09-04 00:00:00,-0.2923,0.024,-12.347,0.0,-0.339,-0.246
date_2016-09-11 00:00:00,0.0606,0.024,2.548,0.011,0.014,0.107
date_2016-09-18 00:00:00,0.0512,0.024,2.163,0.031,0.005,0.098
date_2016-09-25 00:00:00,-0.2609,0.024,-11.0,0.0,-0.307,-0.214
date_2016-10-02 00:00:00,-0.1572,0.024,-6.659,0.0,-0.203,-0.111
date_2016-10-09 00:00:00,-0.0209,0.024,-0.887,0.375,-0.067,0.025
date_2016-10-16 00:00:00,-0.409,0.024,-17.203,0.0,-0.456,-0.362
date_2016-10-23 00:00:00,-0.0667,0.024,-2.821,0.005,-0.113,-0.02
date_2016-10-30 00:00:00,-0.2023,0.024,-8.59,0.0,-0.248,-0.156
date_2016-11-06 00:00:00,-0.0856,0.024,-3.63,0.0,-0.132,-0.039
date_2016-11-13 00:00:00,-0.2952,0.024,-12.475,0.0,-0.342,-0.249
date_2016-11-20 00:00:00,-0.0342,0.024,-1.452,0.147,-0.08,0.012
date_2016-11-27 00:00:00,-0.0432,0.024,-1.833,0.067,-0.089,0.003
date_2016-12-04 00:00:00,-0.2514,0.024,-10.602,0.0,-0.298,-0.205
date_2016-12-11 00:00:00,-0.1375,0.024,-5.775,0.0,-0.184,-0.091
date_2016-12-18 00:00:00,-0.0133,0.024,-0.553,0.58,-0.06,0.034
date_2016-12-25 00:00:00,0.08,0.024,3.365,0.001,0.033,0.127
date_2017-01-01 00:00:00,-0.1643,0.024,-6.821,0.0,-0.212,-0.117
date_2017-01-08 00:00:00,-0.107,0.024,-4.482,0.0,-0.154,-0.06
date_2017-01-15 00:00:00,-0.0654,0.024,-2.705,0.007,-0.113,-0.018
date_2017-01-22 00:00:00,-0.2318,0.024,-9.725,0.0,-0.278,-0.185
date_2017-01-29 00:00:00,-0.3286,0.024,-13.73,0.0,-0.376,-0.282
date_2017-02-05 00:00:00,-0.1363,0.024,-5.723,0.0,-0.183,-0.09
date_2017-02-12 00:00:00,-0.0603,0.024,-2.53,0.011,-0.107,-0.014
date_2017-02-19 00:00:00,-0.1722,0.024,-7.209,0.0,-0.219,-0.125
date_2017-02-26 00:00:00,-0.08,0.024,-3.36,0.001,-0.127,-0.033
date_2017-03-05 00:00:00,-0.0304,0.024,-1.278,0.201,-0.077,0.016
date_2017-03-12 00:00:00,-0.2662,0.024,-11.123,0.0,-0.313,-0.219
date_2017-03-19 00:00:00,-0.2789,0.024,-11.668,0.0,-0.326,-0.232
date_2017-03-26 00:00:00,-0.1717,0.024,-7.132,0.0,-0.219,-0.124
date_2017-04-02 00:00:00,-0.0848,0.024,-3.555,0.0,-0.132,-0.038
date_2017-04-09 00:00:00,-0.5203,0.024,-21.926,0.0,-0.567,-0.474
date_2017-04-16 00:00:00,0.0762,0.024,3.201,0.001,0.03,0.123
date_2017-04-23 00:00:00,-0.3002,0.024,-12.618,0.0,-0.347,-0.254
date_2017-04-30 00:00:00,-0.0027,0.024,-0.114,0.909,-0.049,0.044
date_2017-05-07 00:00:00,-0.1705,0.024,-7.17,0.0,-0.217,-0.124
date_2017-05-14 00:00:00,-0.2057,0.024,-8.685,0.0,-0.252,-0.159
date_2017-05-21 00:00:00,-0.1975,0.024,-8.282,0.0,-0.244,-0.151
date_2017-05-28 00:00:00,-0.092,0.024,-3.822,0.0,-0.139,-0.045
date_2017-06-04 00:00:00,-0.1449,0.024,-6.067,0.0,-0.192,-0.098
date_2017-06-11 00:00:00,-0.118,0.024,-4.924,0.0,-0.165,-0.071
date_2017-06-18 00:00:00,0.0026,0.024,0.111,0.912,-0.044,0.049
date_2017-06-25 00:00:00,-0.1857,0.024,-7.783,0.0,-0.232,-0.139
date_2017-07-02 00:00:00,-0.1247,0.024,-5.178,0.0,-0.172,-0.078
date_2017-07-09 00:00:00,-0.0369,0.024,-1.545,0.122,-0.084,0.01
date_2017-07-16 00:00:00,-0.0257,0.024,-1.073,0.283,-0.073,0.021
date_2017-07-23 00:00:00,-0.1859,0.024,-7.801,0.0,-0.233,-0.139
date_2017-07-30 00:00:00,0.0666,0.024,2.772,0.006,0.02,0.114
date_2017-08-06 00:00:00,0.2479,0.024,10.32,0.0,0.201,0.295
date_2017-08-13 00:00:00,-0.242,0.024,-10.098,0.0,-0.289,-0.195
date_2017-08-20 00:00:00,-0.2249,0.024,-9.377,0.0,-0.272,-0.178
date_2017-08-27 00:00:00,0.0707,0.024,2.955,0.003,0.024,0.118
date_2017-09-03 00:00:00,-0.0565,0.024,-2.388,0.017,-0.103,-0.01
date_2017-09-10 00:00:00,-0.2224,0.024,-9.4,0.0,-0.269,-0.176
date_2017-09-17 00:00:00,0.2102,0.024,8.745,0.0,0.163,0.257
date_2017-09-24 00:00:00,-0.5082,0.024,-21.154,0.0,-0.555,-0.461
date_2017-10-01 00:00:00,-0.2301,0.024,-9.704,0.0,-0.277,-0.184
date_2017-10-08 00:00:00,0.0118,0.024,0.491,0.624,-0.035,0.059
date_2017-10-15 00:00:00,0.2329,0.024,9.767,0.0,0.186,0.28
date_2017-10-22 00:00:00,-0.1209,0.024,-5.042,0.0,-0.168,-0.074
date_2017-10-29 00:00:00,-0.1333,0.024,-5.566,0.0,-0.18,-0.086
date_2017-11-05 00:00:00,-0.199,0.024,-8.308,0.0,-0.246,-0.152
date_2017-11-12 00:00:00,-0.2544,0.024,-10.683,0.0,-0.301,-0.208
date_2017-11-19 00:00:00,-0.089,0.024,-3.733,0.0,-0.136,-0.042
date_2017-11-26 00:00:00,0.0505,0.024,2.113,0.035,0.004,0.097
date_2017-12-03 00:00:00,-0.013,0.024,-0.548,0.584,-0.059,0.033
date_2017-12-10 00:00:00,-0.0351,0.024,-1.488,0.137,-0.081,0.011
date_2017-12-17 00:00:00,-0.0374,0.024,-1.571,0.116,-0.084,0.009
date_2017-12-24 00:00:00,0.0416,0.024,1.76,0.078,-0.005,0.088
date_2017-12-31 00:00:00,-0.1319,0.024,-5.534,0.0,-0.179,-0.085
date_2018-01-07 00:00:00,-0.3222,0.024,-13.514,0.0,-0.369,-0.276
date_2018-01-14 00:00:00,-0.1075,0.024,-4.534,0.0,-0.154,-0.061
date_2018-01-21 00:00:00,0.1339,0.024,5.621,0.0,0.087,0.181
date_2018-01-28 00:00:00,-0.1444,0.024,-6.105,0.0,-0.191,-0.098
date_2018-02-04 00:00:00,-0.1254,0.024,-5.242,0.0,-0.172,-0.079
date_2018-02-11 00:00:00,0.1032,0.024,4.283,0.0,0.056,0.15
date_2018-02-18 00:00:00,0.0534,0.024,2.218,0.027,0.006,0.101
date_2018-02-25 00:00:00,0.0474,0.024,1.973,0.048,0.0,0.094
date_2018-03-04 00:00:00,0.1569,0.024,6.467,0.0,0.109,0.204
date_2018-03-11 00:00:00,-0.2743,0.024,-11.419,0.0,-0.321,-0.227
date_2018-03-18 00:00:00,-0.1743,0.024,-7.32,0.0,-0.221,-0.128
date_2018-03-25 00:00:00,-0.3474,0.024,-14.462,0.0,-0.395,-0.3
date_2018-04-01 00:00:00,-0.2745,0.024,-11.455,0.0,-0.321,-0.228
date_2018-04-08 00:00:00,0.0801,0.024,3.346,0.001,0.033,0.127
date_2018-04-15 00:00:00,0.0908,0.024,3.802,0.0,0.044,0.138
date_2018-04-22 00:00:00,-0.0396,0.024,-1.657,0.097,-0.086,0.007
date_2018-04-29 00:00:00,0.0587,0.024,2.472,0.013,0.012,0.105
date_2018-05-06 00:00:00,-0.0318,0.024,-1.329,0.184,-0.079,0.015
date_2018-05-13 00:00:00,-0.3336,0.024,-14.147,0.0,-0.38,-0.287
date_2018-05-20 00:00:00,-0.2499,0.023,-10.654,0.0,-0.296,-0.204
date_2018-05-27 00:00:00,-0.4584,0.024,-19.465,0.0,-0.505,-0.412
date_2018-06-03 00:00:00,0.3772,0.024,15.98,0.0,0.331,0.423
date_2018-06-10 00:00:00,0.0717,0.024,3.047,0.002,0.026,0.118
date_2018-06-17 00:00:00,-0.151,0.024,-6.401,0.0,-0.197,-0.105
date_2018-06-24 00:00:00,-0.1103,0.024,-4.649,0.0,-0.157,-0.064
date_2018-07-01 00:00:00,-0.089,0.024,-3.781,0.0,-0.135,-0.043
date_2018-07-08 00:00:00,-0.1505,0.024,-6.399,0.0,-0.197,-0.104
date_2018-07-15 00:00:00,0.1092,0.024,4.628,0.0,0.063,0.155
date_2018-07-22 00:00:00,-0.0164,0.024,-0.694,0.488,-0.063,0.03
date_2018-07-29 00:00:00,-0.6659,0.024,-27.977,0.0,-0.713,-0.619
date_2018-08-05 00:00:00,0.2289,0.024,9.597,0.0,0.182,0.276
date_2018-08-12 00:00:00,-0.5111,0.024,-21.513,0.0,-0.558,-0.465
date_2018-08-19 00:00:00,-0.186,0.024,-7.834,0.0,-0.233,-0.139
date_2018-08-26 00:00:00,0.2463,0.024,10.387,0.0,0.2,0.293
date_2018-09-02 00:00:00,-0.0119,0.024,-0.504,0.614,-0.058,0.034
date_2018-09-09 00:00:00,-0.0987,0.024,-4.168,0.0,-0.145,-0.052
date_2018-09-16 00:00:00,-0.0884,0.024,-3.734,0.0,-0.135,-0.042
date_2018-09-23 00:00:00,-0.3088,0.024,-12.997,0.0,-0.355,-0.262
date_2018-09-30 00:00:00,-0.2563,0.024,-10.888,0.0,-0.302,-0.21
date_2018-10-07 00:00:00,-0.2574,0.024,-10.867,0.0,-0.304,-0.211
date_2018-10-14 00:00:00,-0.0191,0.024,-0.799,0.424,-0.066,0.028
date_2018-10-21 00:00:00,-0.2434,0.024,-10.205,0.0,-0.29,-0.197
date_2018-10-28 00:00:00,-0.0104,0.024,-0.438,0.662,-0.057,0.036
date_2018-11-04 00:00:00,-0.0381,0.024,-1.601,0.109,-0.085,0.009
date_2018-11-11 00:00:00,-0.2062,0.024,-8.659,0.0,-0.253,-0.16
date_2018-11-18 00:00:00,-0.7393,0.024,-30.631,0.0,-0.787,-0.692
date_2018-11-25 00:00:00,-0.1616,0.024,-6.769,0.0,-0.208,-0.115
date_2018-12-02 00:00:00,-0.1046,0.024,-4.371,0.0,-0.152,-0.058
date_2018-12-09 00:00:00,-0.5342,0.024,-22.417,0.0,-0.581,-0.488
date_2018-12-16 00:00:00,-0.3682,0.024,-15.469,0.0,-0.415,-0.322
date_2018-12-23 00:00:00,-0.1166,0.024,-4.798,0.0,-0.164,-0.069
date_2018-12-30 00:00:00,-0.2189,0.024,-9.016,0.0,-0.266,-0.171
train_length_216        ,0.0062,0.001,4.493,0.0,0.003,0.009
test_length_12          ,0.0059,0.001,4.334,0.0,0.003,0.009
learning_rate_0.1       ,0.0181,0.002,10.42,0.0,0.015,0.021
learning_rate_0.3       ,0.031,0.002,17.949,0.0,0.028,0.034
num_leaves_8            ,0.0008,0.002,0.418,0.676,-0.003,0.005
num_leaves_32           ,0.0021,0.002,1.059,0.29,-0.002,0.006
num_leaves_128          ,0.0014,0.002,0.691,0.49,-0.003,0.005
feature_fraction_0.6    ,3.904e-05,0.002,0.023,0.982,-0.003,0.003
feature_fraction_0.95   ,0.0055,0.002,3.345,0.001,0.002,0.009
min_data_in_leaf_100    ,0.0021,0.002,1.279,0.201,-0.001,0.005
min_data_in_leaf_200    ,-0.0138,0.002,-8.145,0.0,-0.017,-0.01
boost_rounds_100        ,0.0036,0.001,2.685,0.007,0.001,0.006
